zo,zd,n,distance_m,crow_m,rung
0,0,144490,2119,0,measured
0,1,59127,4185,3516,measured
0,2,111137,3371,2877,measured
0,3,41919,3571,4254,measured
0,4,2802,10227,8580,measured
0,5,8287,8733,8133,measured
0,6,7107,8406,8030,measured
0,7,1135,17470,11002,measured
0,8,8708,7831,6768,measured
0,9,9446,7567,7580,measured
0,10,2144,14919,10648,measured
0,11,12565,6591,6137,measured
0,12,11987,6760,5995,measured
0,13,1060,21237,11783,measured
0,14,2855,13644,9616,measured
0,15,2734,19001,12336,measured
0,16,121,11700,8798,measured
0,17,65409,3605,3934,measured
0,18,3419,8107,6492,measured
0,19,1306,6950,6997,measured
1,0,56888,4185,3516,measured
1,1,362037,2282,0,measured
1,2,25186,7105,6232,measured
1,3,20060,6260,5164,measured
1,4,2775,12451,9550,measured
1,5,45006,5957,5218,measured
1,6,31107,6925,5802,measured
1,7,1743,18304,11195,measured
1,8,123774,3906,3385,measured
1,9,15738,9229,7409,measured
1,10,1825,18536,12236,measured
1,11,5995,9201,8173,measured
1,12,70241,3872,3330,measured
1,13,2794,16866,11087,measured
1,14,8045,12106,8357,measured
1,15,1899,23090,13165,measured
1,16,124,15480,11376,measured
1,17,115146,3793,3269,measured
1,18,58164,3070,3048,measured
1,19,5423,7000,5891,measured
2,0,110027,3381,2877,measured
2,1,25942,7006,6232,measured
2,2,306157,2510,0,measured
2,3,53845,4524,4312,measured
2,4,5285,9641,7524,measured
2,5,5729,12532,10157,measured
2,6,5242,12241,9571,measured
2,7,2064,17041,10386,measured
2,8,3957,11158,9578,measured
2,9,16376,7190,7648,measured
2,10,5535,12517,8872,measured
2,11,38387,4945,4406,measured
2,12,7232,9804,8035,measured
2,13,1796,22256,11839,measured
2,14,2225,20171,10290,measured
2,15,5499,16686,11102,measured
2,16,245,9524,6289,measured
2,17,43301,6237,5353,measured
2,18,1621,11188,9027,measured
2,19,1078,9369,7880,measured
3,0,42072,3567,4254,measured
3,1,20691,6222,5164,measured
3,2,54495,4513,4312,measured
3,3,95458,2142,0,measured
3,4,7524,5141,4514,measured
3,5,8194,8389,6782,measured
3,6,10037,6889,5682,measured
3,7,2343,8226,6750,measured
3,8,4071,9509,8226,measured
3,9,39392,2876,3443,measured
3,10,3774,8979,7072,measured
3,11,33470,3697,3259,measured
3,12,10938,6323,4956,measured
3,13,1805,12438,7689,measured
3,14,4294,8386,5979,measured
3,15,2926,13400,8249,measured
3,16,150,7487,6678,measured
3,17,86186,3013,2212,measured
3,18,2232,8433,6765,measured
3,19,2436,4250,3648,measured
4,0,2582,9910,8580,measured
4,1,2656,12128,9550,measured
4,2,5656,8667,7524,measured
4,3,7522,5192,4514,measured
4,4,98247,2052,0,measured
4,5,2820,11587,9438,measured
4,6,4651,8617,7667,measured
4,7,28874,3430,3053,measured
4,8,942,17850,12307,measured
4,9,38232,3696,3137,measured
4,10,46126,3341,3078,measured
4,11,28885,3524,3327,measured
4,12,1920,9329,8324,measured
4,13,6379,8881,5394,measured
4,14,5502,8479,5729,measured
4,15,17094,4457,3759,measured
4,16,702,4452,5213,measured
4,17,7544,7324,6321,measured
4,18,976,14333,10491,measured
4,19,1259,5845,5254,measured
5,0,8921,8933,8133,measured
5,1,49007,6044,5218,measured
5,2,5941,13119,10157,measured
5,3,9663,8177,6782,measured
5,4,3198,12091,9438,measured
5,5,110578,1913,0,measured
5,6,79690,3037,1951,measured
5,7,3803,13795,9573,measured
5,8,42822,6916,4939,measured
5,9,15023,8109,6344,measured
5,10,1790,20387,12515,measured
5,11,3278,12890,9895,measured
5,12,64698,2698,2149,measured
5,13,9032,10862,8161,measured
5,14,16523,6590,5176,measured
5,15,2344,19438,12172,measured
5,16,110,24545,13311,measured
5,17,39385,5369,4880,measured
5,18,23287,4853,2841,measured
5,19,7333,5560,4186,measured
6,0,6588,8185,8030,measured
6,1,31577,7023,5802,measured
6,2,4689,12292,9571,measured
6,3,10032,6572,5682,measured
6,4,4354,8900,7667,measured
6,5,66855,3052,1951,measured
6,6,116469,2090,0,measured
6,7,5094,10545,7628,measured
6,8,20352,9191,6489,measured
6,9,28014,5332,4535,measured
6,10,2087,16766,10740,measured
6,11,3708,10392,8541,measured
6,12,47260,2972,2506,measured
6,13,13059,8514,6271,measured
6,14,33345,3868,3269,measured
6,15,2181,16626,10246,measured
6,16,100,18972,11886,measured
6,17,46518,4370,4249,measured
6,18,8394,7389,4291,measured
6,19,17784,2993,2461,measured
7,0,1027,17005,11002,measured
7,1,1637,17777,11195,measured
7,2,2207,16291,10386,measured
7,3,2424,8360,6750,measured
7,4,31341,3418,3053,measured
7,5,3537,13457,9573,measured
7,6,5473,10176,7628,measured
7,7,78317,2040,0,measured
7,8,1001,20619,13414,measured
7,9,24494,3938,3793,measured
7,10,24512,5902,4638,measured
7,11,5203,8115,6362,measured
7,12,1521,12493,9121,measured
7,13,34478,4142,2873,measured
7,14,16625,6396,4691,measured
7,15,25828,3669,2742,measured
7,16,171,10289,7977,measured
7,17,2602,10486,7961,measured
7,18,561,18728,11352,measured
7,19,956,7874,5703,measured
8,0,8385,8087,6768,measured
8,1,136032,3990,3385,measured
8,2,3961,11807,9578,measured
8,3,4082,9959,8226,measured
8,4,1042,18368,12307,measured
8,5,41222,6814,4939,measured
8,6,20614,9033,6489,measured
8,7,1287,20432,13414,measured
8,8,220711,2039,0,measured
8,9,5433,13439,9691,measured
8,10,793,26596,15186,measured
8,11,1256,14745,11394,measured
8,12,36030,5500,4328,measured
8,13,2421,17549,12647,measured
8,14,5276,13706,9669,measured
8,15,751,25949,15696,measured
8,16,50,29955,14685,measured
8,17,31398,6884,6072,measured
8,18,68009,2240,2199,measured
8,19,2885,10223,7728,measured
9,0,9391,7469,7580,measured
9,1,13820,9212,7409,measured
9,2,15859,7132,7648,measured
9,3,40651,2867,3443,measured
9,4,37396,3701,3137,measured
9,5,12905,7995,6344,measured
9,6,26996,5398,4535,measured
9,7,24597,3836,3793,measured
9,8,4417,13374,9691,measured
9,9,155067,1977,0,measured
9,10,9953,7521,6205,measured
9,11,27313,4020,4793,measured
9,12,12049,6040,5472,measured
9,13,14982,5521,4246,measured
9,14,29081,3938,3007,measured
9,15,7059,8413,6027,measured
9,16,475,6777,7780,measured
9,17,39558,4171,4202,measured
9,18,3915,11731,7701,measured
9,19,8375,2828,2168,measured
10,0,1914,14252,10648,measured
10,1,1528,17696,12236,measured
10,2,4847,12341,8872,measured
10,3,3603,8724,7072,measured
10,4,44425,3283,3078,measured
10,5,1512,18993,12515,measured
10,6,2037,14581,10740,measured
10,7,21692,5908,4638,measured
10,8,626,25613,15186,measured
10,9,9668,7404,6205,measured
10,10,82049,2223,0,measured
10,11,13280,5574,4550,measured
10,12,869,14690,11339,measured
10,13,6215,11175,7494,measured
10,14,2870,15142,8588,measured
10,15,29958,3569,3074,measured
10,16,756,4182,4011,measured
10,17,3091,10751,9122,measured
10,18,296,22312,13466,measured
10,19,385,11527,8332,measured
11,0,12359,6339,6137,measured
11,1,6017,9014,8173,measured
11,2,40921,4504,4406,measured
11,3,32733,3632,3259,measured
11,4,28034,3515,3327,measured
11,5,3179,12064,9895,measured
11,6,3927,9993,8541,measured
11,7,4727,8333,6362,measured
11,8,1267,13168,11394,measured
11,9,31411,3683,4793,measured
11,10,12949,5885,4550,measured
11,11,59333,2118,0,measured
11,12,3301,9266,8186,measured
11,13,2380,15551,8393,measured
11,14,2474,12737,7799,measured
11,15,5054,11110,6717,measured
11,16,769,3820,3433,measured
11,17,19868,5887,5467,measured
11,18,690,11802,10020,measured
11,19,834,7184,6176,measured
12,0,11900,6891,5995,measured
12,1,72491,3945,3330,measured
12,2,6985,9860,8035,measured
12,3,11049,6376,4956,measured
12,4,2115,9586,8324,measured
12,5,62004,2693,2149,measured
12,6,45913,3092,2506,measured
12,7,1458,13298,9121,measured
12,8,35040,5851,4328,measured
12,9,12323,6156,5472,measured
12,10,928,16545,11339,measured
12,11,2953,9544,8186,measured
12,12,70496,1835,0,measured
12,13,3131,11520,8357,measured
12,14,7530,6924,5421,measured
12,15,1149,19564,11498,measured
12,16,83,16126,11619,measured
12,17,58968,3436,2865,measured
12,18,20532,3683,2235,measured
12,19,6772,3743,3419,measured
13,0,918,20947,11783,measured
13,1,2363,16644,11087,measured
13,2,1730,22107,11839,measured
13,3,1932,12633,7689,measured
13,4,6394,9047,5394,measured
13,5,7327,10308,8161,measured
13,6,11342,8714,6271,measured
13,7,32645,4104,2873,measured
13,8,2006,17076,12647,measured
13,9,16303,5442,4246,measured
13,10,6808,11296,7494,measured
13,11,2651,15536,8393,measured
13,12,2841,11448,8357,measured
13,13,91115,1980,0,measured
13,14,39683,3453,3004,measured
13,15,7228,8852,5401,measured
13,16,112,15591,10582,measured
13,17,3457,12304,8144,measured
13,18,877,15466,10464,measured
13,19,1956,8498,5196,measured
14,0,2394,13413,9616,measured
14,1,7465,11476,8357,measured
14,2,2173,19783,10290,measured
14,3,4285,8333,5979,measured
14,4,5479,8323,5729,measured
14,5,13659,6244,5176,measured
14,6,32276,3824,3269,measured
14,7,15951,6198,4691,measured
14,8,4472,13865,9669,measured
14,9,29410,3846,3007,measured
14,10,2738,14826,8588,measured
14,11,2356,12708,7799,measured
14,12,7423,6264,5421,measured
14,13,39347,3418,3004,measured
14,14,70445,1892,0,measured
14,15,3482,12732,7422,measured
14,16,55,18487,10717,measured
14,17,9521,7475,5733,measured
14,18,2347,11949,7478,measured
14,19,5357,3780,2629,measured
15,0,2594,19037,12336,measured
15,1,1854,22692,13165,measured
15,2,4896,16736,11102,measured
15,3,2733,13239,8249,measured
15,4,17008,4313,3759,measured
15,5,1908,19085,12172,measured
15,6,2126,16057,10246,measured
15,7,21436,3786,2742,measured
15,8,694,25972,15696,measured
15,9,6174,8467,6027,measured
15,10,31655,3533,3074,measured
15,11,4524,10833,6717,measured
15,12,1020,18681,11498,measured
15,13,7094,8845,5401,measured
15,14,3891,13146,7422,measured
15,15,43408,2124,0,measured
15,16,233,8478,7054,measured
15,17,2652,15857,9899,measured
15,18,373,24098,13728,measured
15,19,367,13134,8132,measured
16,0,73,11391,8798,measured
16,1,113,14289,11376,measured
16,2,243,8700,6289,measured
16,3,127,7068,6678,measured
16,4,588,4605,5213,measured
16,5,90,23046,13311,measured
16,6,97,17167,11886,measured
16,7,140,9778,7977,measured
16,8,56,24600,14685,measured
16,9,365,6957,7780,measured
16,10,557,4702,4011,measured
16,11,664,3576,3433,measured
16,12,80,14839,11619,measured
16,13,113,15049,10582,measured
16,14,43,19594,10717,measured
16,15,153,8405,7054,measured
16,16,73,3938,0,measured
16,17,160,9669,8872,measured
16,18,25,20885,13417,measured
16,19,20,10857,9465,measured
17,0,61094,3657,3934,measured
17,1,111493,3775,3269,measured
17,2,41246,6268,5353,measured
17,3,78597,3095,2212,measured
17,4,7804,7216,6321,measured
17,5,32899,5466,4880,measured
17,6,44058,4515,4249,measured
17,7,2577,10178,7961,measured
17,8,28066,6757,6072,measured
17,9,39851,4216,4202,measured
17,10,3183,11170,9122,measured
17,11,18629,6048,5467,measured
17,12,56129,3359,2865,measured
17,13,3700,11965,8144,measured
17,14,10290,7554,5733,measured
17,15,2872,16272,9899,measured
17,16,204,10235,8872,measured
17,17,219446,2117,0,measured
17,18,13059,5622,4554,measured
17,19,8150,3454,3105,measured
18,0,3503,8183,6492,measured
18,1,64057,3242,3048,measured
18,2,1783,11637,9027,measured
18,3,2049,8697,6765,measured
18,4,971,15285,10491,measured
18,5,23300,4672,2841,measured
18,6,9419,7145,4291,measured
18,7,586,18473,11352,measured
18,8,66245,2273,2199,measured
18,9,4105,12207,7701,measured
18,10,316,24859,13466,measured
18,11,678,13214,10020,measured
18,12,20138,3630,2235,measured
18,13,1056,15921,10464,measured
18,14,2738,11977,7478,measured
18,15,414,24132,13728,measured
18,16,38,25414,13417,measured
18,17,13868,5771,4554,measured
18,18,42413,1551,0,measured
18,19,1345,8209,5649,measured
19,0,971,7044,6997,measured
19,1,4009,7514,5891,measured
19,2,872,9166,7880,measured
19,3,2448,4177,3648,measured
19,4,1459,5972,5254,measured
19,5,5459,5785,4186,measured
19,6,14945,3219,2461,measured
19,7,1022,7181,5703,measured
19,8,1977,11001,7728,measured
19,9,8901,2805,2168,measured
19,10,427,11106,8332,measured
19,11,768,7210,6176,measured
19,12,5194,4093,3419,measured
19,13,1910,8368,5196,measured
19,14,5066,3874,2629,measured
19,15,446,12541,8132,measured
19,16,20,14853,9465,measured
19,17,7510,3604,3105,measured
19,18,872,8606,5649,measured
19,19,3629,2204,0,measured
